{
    "epoch": [
        1,
        2,
        3,
        4,
        5,
        6,
        7,
        8,
        9,
        10,
        11,
        12,
        13,
        14,
        15,
        16,
        17,
        18,
        19,
        20,
        21,
        22,
        23,
        24,
        25
    ],
    "train_loss": [
        0.0065919444348807,
        0.0004918792742467134,
        0.00039762266542283986,
        0.0003449095609020465,
        0.00033037986132508174,
        0.0003230764041025889,
        0.0003179699832183922,
        0.00031417791808144557,
        0.0003122159701742199,
        0.0003108796931454566,
        0.000308315025557104,
        0.00030734172724591023,
        0.00030564604925539286,
        0.00030520357185127633,
        0.00030330916595511866,
        0.0003039126138989088,
        0.00030148641839588354,
        0.0002995345525527794,
        0.00029917273595554743,
        0.0002995443520581949,
        0.0002982144545759051,
        0.0002990129809951218,
        0.00029707977657783167,
        0.00029656193835570725,
        0.0002965422094247922
    ],
    "val_loss": [
        0.007531589760634177,
        0.012689256132491132,
        0.003459903116737603,
        0.0017100209414859042,
        0.001086237811362121,
        0.0008601439698381613,
        0.0006020615126900161,
        0.0005938640689826124,
        0.0007199188013038316,
        0.0006133276342291214,
        0.0006123836372151143,
        0.0006108003581733125,
        0.0005258961783751482,
        0.0005495831172648368,
        0.0004990530663956728,
        0.0005246255373634876,
        0.0004665399990776033,
        0.0005281510302561453,
        0.0005053437967366321,
        0.0005416314368951581,
        0.0004558588421173836,
        0.0004963748749917359,
        0.0004591811599430246,
        0.0005130758015055324,
        0.0004569565860815061
    ],
    "precision": [
        0.23008849557522124,
        0.37037037037037035,
        0.6538461538461539,
        0.6666666666666666,
        0.75,
        0.6666666666666666,
        0.7368421052631579,
        0.7307692307692307,
        0.7777777777777778,
        0.8,
        0.8,
        0.7083333333333334,
        0.75,
        0.7894736842105263,
        0.7307692307692307,
        0.7777777777777778,
        0.75,
        0.7368421052631579,
        0.7,
        0.7368421052631579,
        0.7,
        0.7058823529411765,
        0.7142857142857143,
        0.7333333333333333,
        0.7647058823529411
    ],
    "recall": [
        0.29545454545454547,
        0.11363636363636363,
        0.19318181818181818,
        0.20454545454545456,
        0.17045454545454544,
        0.20454545454545456,
        0.1590909090909091,
        0.2159090909090909,
        0.1590909090909091,
        0.13636363636363635,
        0.13636363636363635,
        0.19318181818181818,
        0.10227272727272728,
        0.17045454545454544,
        0.2159090909090909,
        0.07954545454545454,
        0.20454545454545456,
        0.1590909090909091,
        0.07954545454545454,
        0.1590909090909091,
        0.23863636363636365,
        0.13636363636363635,
        0.11363636363636363,
        0.125,
        0.14772727272727273
    ],
    "f1_score": [
        0.2587064676616916,
        0.17391304347826086,
        0.2982456140350877,
        0.31304347826086953,
        0.2777777777777778,
        0.31304347826086953,
        0.2616822429906542,
        0.3333333333333333,
        0.2641509433962264,
        0.23300970873786406,
        0.23300970873786406,
        0.30357142857142855,
        0.18,
        0.2803738317757009,
        0.3333333333333333,
        0.14432989690721648,
        0.3214285714285714,
        0.2616822429906542,
        0.14285714285714285,
        0.2616822429906542,
        0.35593220338983056,
        0.22857142857142856,
        0.19607843137254902,
        0.21359223300970873,
        0.24761904761904763
    ],
    "iou": [
        0.14857142857142858,
        0.09523809523809523,
        0.17525773195876287,
        0.18556701030927836,
        0.16129032258064516,
        0.18556701030927836,
        0.15053763440860216,
        0.2,
        0.15217391304347827,
        0.13186813186813187,
        0.13186813186813187,
        0.17894736842105263,
        0.0989010989010989,
        0.16304347826086957,
        0.2,
        0.07777777777777778,
        0.19148936170212766,
        0.15053763440860216,
        0.07692307692307693,
        0.15053763440860216,
        0.21649484536082475,
        0.12903225806451613,
        0.10869565217391304,
        0.11956521739130435,
        0.14130434782608695
    ],
    "miou": [
        0.574214663787407,
        0.5475737476570042,
        0.5875907183882587,
        0.5927458343724793,
        0.5806079674599207,
        0.5927458343724793,
        0.5752311465658457,
        0.5999637597193095,
        0.5760497627268086,
        0.5658963953674625,
        0.5658963953674625,
        0.5894364903091818,
        0.5494114484679704,
        0.5814850221440124,
        0.5999637597193095,
        0.538849311140548,
        0.5957084406049353,
        0.5752311465658457,
        0.5384214838728562,
        0.5752311465658457,
        0.6082111823305976,
        0.5644775047804241,
        0.5543087250670875,
        0.5597439844806535,
        0.5706145033105141
    ]
}